{ 
    "ConnectionFields": [
    {
        "IsEncrypted": false,
        "IsOptional": false,
        "Name": "TenantId",
        "TypeName": "System.String"
    },
    {
        "IsEncrypted": true,
        "IsOptional": false,
        "Name": "AplicationID",
        "TypeName": "System.String"
    },
    {
        "IsEncrypted": true,
        "IsOptional": false,
        "Name": "Secret",
        "TypeName": "System.String"
    }],
    "ConnectionTypeName": "Mappingtool.RunAsAccount",
    "IntegrationModuleName": "Mappingtool.RunAsAccount"
}